Lambda,EPW 3w No Grating,Lambda QE,QE,Total (Notmalized to 300nm)
190,0.001062367,156.8085953,0.012516332,0.117
191,0.000718037,155.7828363,0.014207672,0.0819
192,2.92566E-06,158.9344089,0.015874062,0.0003
193,1.92648E-05,159.9937208,0.017457115,0.0023
194,0.000245417,162.1087496,0.020616749,0.0308
195,0.000280522,164.2129936,0.02267277,0.0362
196,0.000496151,165.2747021,0.025332014,0.0655
197,0.000704902,167.3801444,0.028079831,0.0954
198,0.000437878,169.4855866,0.03112571,0.0607
199,0.000936888,171.5910289,0.034501981,0.1328
200,0.001488315,174.7426016,0.03854865,0.2158
201,0.001279174,176.8456472,0.042058445,0.1908
202,0.000969223,179.9960216,0.046620613,0.1486
203,0.001905461,185.247045,0.055496559,0.3001
204,0.002333419,189.448343,0.06400187,0.3772
205,0.002817998,193.649641,0.07381069,0.4673
206,0.003239783,199.9420015,0.085799793,0.5507
207,0.004590501,206.2367586,0.101329044,0.7951
208,0.002261974,214.6165866,0.1159365,0.3984
209,0.002058058,221.9466893,0.128512376,0.3686
210,0.002441933,230.3205257,0.141328373,0.4445
211,0.002461481,242.8824787,0.164284402,0.4553
212,0.003089093,253.3473776,0.182104677,0.5805
213,0.002516692,262.7649478,0.198685026,0.4803
214,0.00312658,278.4593004,0.227327186,0.6059
215,0.003049135,293.101531,0.248024974,0.5998
216,0.003048473,306.6976312,0.268472052,0.6085
217,0.003366664,323.4285276,0.290604779,0.6818
218,0.003400224,343.2954186,0.317063894,0.6984
219,0.003369951,367.3420379,0.34593207,0.7019
220,0.004261049,391.3874589,0.37445057,0.8999
221,0.004020339,417.522744,0.405320122,0.8607
222,0.003951256,439.4759042,0.431838244,0.8573
223,0.004417624,460.3769425,0.438734549,0.9699
224,0.00375634,482.3229128,0.445740985,0.8344
225,0.003575392,502.1766223,0.445740985,0.8034
226,0.00321341,525.1603348,0.431838244,0.7304
227,0.003041164,541.8768514,0.425050339,0.6991
228,0.004150895,557.544841,0.408543714,0.9649
229,0.004020719,576.3488252,0.395801161,0.945
230,0.004545702,598.278019,0.359908962,1.0801
231,0.003979874,622.2946804,0.322127293,0.9573
232,0.004202483,637.9494886,0.283779913,1.0238
233,0.004045742,658.8265604,0.246067947,0.9981
234,0.004126,673.4364365,0.21677499,1.0306
235,0.004658298,690.1301851,0.183552992,1.178
236,0.004616364,701.6028683,0.159160342,1.1816
237,0.004140814,714.1168886,0.134768116,1.0726
238,0.004819026,724.5422431,0.115021709,1.2632
239,0.004962009,734.9699942,0.09973629,1.316
240,0.004069716,743.3030878,0.083784781,1.0919
241,0.004517907,748.5073768,0.073228291,1.226
242,0.004901889,756.8356772,0.059597681,1.3454
243,0.004678498,764.1178472,0.048121532,1.2984
244,0.004489454,781.8050003,0.028983843,1.2588
245,0.00449571,792.2099834,0.021620333,1.2735
246,0.00394959,797.393901,0.016515431,1.1301
247,0.003851659,808.8402213,0.012030266,1.1132
248,0.004031388,814.0409153,0.010267575,1.1767
249,0.004301972,823.399768,0.007598606,1.268
250,0.004702359,829.6310144,0.00589715,1.3995
251,0.004394973,,,1.3207
252,0.003840078,,,1.165
253,0.00388934,,,1.1911
254,0.004038666,,,1.2487
255,0.004230453,,,1.3205
256,0.004078967,,,1.2854
257,0.003891412,,,1.2378
258,0.004202658,,,1.3493
259,0.004495982,,,1.4568
260,0.004080106,,,1.3342
261,0.00417244,,,1.3768
262,0.004277719,,,1.4242
263,0.003791011,,,1.2736
264,0.003417539,,,1.1586
265,0.003152119,,,1.0783
266,0.0030987,,,1.0696
267,0.002883321,,,1.0041
268,0.002875978,,,1.0104
269,0.003219763,,,1.1411
270,0.003426658,,,1.225
271,0.003679971,,,1.3269
272,0.003172762,,,1.1538
273,0.00292834,,,1.0739
274,0.003342883,,,1.2362
275,0.00328439,,,1.2247
276,0.002927846,,,1.1008
277,0.003175833,,,1.2038
278,0.003445356,,,1.3166
279,0.003053564,,,1.1751
280,0.002987919,,,1.157
281,0.003007981,,,1.1719
282,0.002783057,,,1.0909
283,0.002495897,,,0.9843
284,0.002460241,,,0.9761
285,0.002513496,,,1.0032
286,0.00246729,,,0.9907
287,0.00237335,,,0.9586
288,0.002432645,,,0.9884
289,0.002303701,,,0.9415
290,0.002376919,,,0.9771
291,0.002449918,,,1.0129
292,0.00225278,,,0.9368
293,0.002228883,,,0.9322
294,0.002312876,,,0.9731
295,0.002307364,,,0.9767
296,0.002029014,,,0.864
297,0.002006365,,,0.8594
298,0.002449548,,,1.0555
299,0.002307187,,,1
300,0.00212508,,,0.9265
301,0.002192405,,,0.9614
302,0.002205361,,,0.9727
303,0.002062074,,,0.9147
304,0.002042013,,,0.911
305,0.002067802,,,0.9277
306,0.002072003,,,0.9349
307,0.002068839,,,0.9385
308,0.002000453,,,0.9119
309,0.002019953,,,0.9253
310,0.002024785,,,0.9321
311,0.002140431,,,0.9901
312,0.001984047,,,0.9222
313,0.001767537,,,0.8255
314,0.001862299,,,0.8739
315,0.002014724,,,0.9499
316,0.001764146,,,0.8357
317,0.001793713,,,0.8537
318,0.001892454,,,0.9049
319,0.001796317,,,0.863
320,0.001822191,,,0.8795
321,0.001808747,,,0.877
322,0.001775044,,,0.8646
323,0.001735918,,,0.8495
324,0.001751007,,,0.8608
325,0.001737407,,,0.858
326,0.001627107,,,0.8072
327,0.001640865,,,0.8177
328,0.001622504,,,0.8122
329,0.001605354,,,0.8072
330,0.001588198,,,0.8021
331,0.001593059,,,0.8082
332,0.001621852,,,0.8264
333,0.001545023,,,0.7908
334,0.001577479,,,0.8109
335,0.001513628,,,0.7815
336,0.00149036,,,0.7728
337,0.001522229,,,0.7928
338,0.001494674,,,0.7818
339,0.001396921,,,0.7338
340,0.001433009,,,0.756
341,0.001411855,,,0.748
342,0.001305195,,,0.6944
343,0.001469089,,,0.7849
344,0.001423566,,,0.7636
345,0.001378723,,,0.7423
346,0.001407523,,,0.7607
347,0.001344696,,,0.7294
348,0.001316198,,,0.7166
349,0.001390875,,,0.7601
350,0.001338352,,,0.7341
351,0.001323208,,,0.7285
352,0.00132426,,,0.7318
353,0.00137959,,,0.7651
354,0.001423722,,,0.7925
355,0.001350581,,,0.7545
356,0.001274614,,,0.7146
357,0.001280102,,,0.7203
358,0.001236351,,,0.6982
359,0.001254877,,,0.7112
360,0.001290463,,,0.734
361,0.001308927,,,0.7471
362,0.001267656,,,0.7261
363,0.001197776,,,0.6885
364,0.001191424,,,0.6873
365,0.001273734,,,0.7374
366,0.001185013,,,0.6884
367,0.001181386,,,0.6887
368,0.001169899,,,0.6843
369,0.001166032,,,0.6844
370,0.001224679,,,0.7213
371,0.00120338,,,0.7112
372,0.001174248,,,0.6963
373,0.001125124,,,0.6694
374,0.001133062,,,0.6764
375,0.001175,,,0.7038
376,0.001098076,,,0.6599
377,0.001106479,,,0.6672
378,0.001271544,,,0.7693
379,0.001155588,,,0.7014
380,0.001133983,,,0.6906
381,0.001184866,,,0.7239
382,0.001130912,,,0.6932
383,0.00110584,,,0.6801
384,0.001163278,,,0.7177
385,0.001159143,,,0.7175
386,0.001453193,,,0.9024
387,0.001172137,,,0.7302
388,0.001175867,,,0.7349
389,0.001168927,,,0.7329
390,0.001139425,,,0.7167
391,0.001154238,,,0.7283
392,0.001176842,,,0.7449
393,0.001126926,,,0.7156
394,0.001124346,,,0.7162
395,0.001123128,,,0.7176
396,0.001159623,,,0.7433
397,0.001158773,,,0.745
398,0.001138963,,,0.7346
399,0.001110585,,,0.7185
400,0.001170366,,,0.7595
401,0.001149146,,,0.748
402,0.001144872,,,0.7475
403,0.001117401,,,0.7318
404,0.001111669,,,0.7303
405,0.001147847,,,0.7563
406,0.001156029,,,0.764
407,0.001128388,,,0.748
408,0.001168782,,,0.7771
409,0.001169647,,,0.78
410,0.001250666,,,0.8365
411,0.001359189,,,0.9118
412,0.001093252,,,0.7356
413,0.001121717,,,0.757
414,0.001165052,,,0.7885
415,0.001135446,,,0.7708
416,0.001182013,,,0.8047
417,0.001185373,,,0.8094
418,0.001156436,,,0.7919
419,0.001202272,,,0.8258
420,0.001171374,,,0.807
421,0.001206462,,,0.8336
422,0.001389215,,,0.9627
423,0.001107135,,,0.7695
424,0.001129975,,,0.7876
425,0.001137403,,,0.7951
426,0.001093389,,,0.7666
427,0.00114257,,,0.8034
428,0.001171714,,,0.8263
429,0.001193447,,,0.8441
430,0.001152076,,,0.8171
431,0.001186842,,,0.8442
432,0.001342451,,,0.9576
433,0.001340901,,,0.9593
434,0.001075255,,,0.7714
435,0.00117922,,,0.8484
436,0.001175525,,,0.8481
437,0.001174099,,,0.8495
438,0.001142321,,,0.8288
439,0.001129214,,,0.8216
440,0.001167481,,,0.851
441,0.001182612,,,0.8626
442,0.00114948,,,0.8391
443,0.001140261,,,0.833
444,0.00122804,,,0.8978
445,0.001254952,,,0.9182
446,0.001216323,,,0.8906
447,0.001181447,,,0.8657
448,0.001197204,,,0.8779
449,0.001247996,,,0.9159
450,0.00125497,,,0.9217
451,0.001267464,,,0.9316
452,0.001265194,,,0.9306
453,0.00126062,,,0.928
454,0.001263825,,,0.931
455,0.001240232,,,0.9143
456,0.001258298,,,0.9284
457,0.001296461,,,0.9572
458,0.001261736,,,0.9323
459,0.001238486,,,0.9158
460,0.001269329,,,0.9393
461,0.001305925,,,0.9671
462,0.001285262,,,0.9525
463,0.001254513,,,0.9304
464,0.001257296,,,0.9331
465,0.001333551,,,0.9904
466,0.001299469,,,0.9658
467,0.00127507,,,0.9484
468,0.001316724,,,0.9801
469,0.00129428,,,0.9641
470,0.001241066,,,0.9251
471,0.001213045,,,0.9049
472,0.001228128,,,0.9168
473,0.001270235,,,0.9489
474,0.001228414,,,0.9183
475,0.001155368,,,0.8643
476,0.001131913,,,0.8474
477,0.001174113,,,0.8796
478,0.00118295,,,0.8869
479,0.001206844,,,0.9054
480,0.001167546,,,0.8766
481,0.001165697,,,0.8758
482,0.001157184,,,0.8701
483,0.001136002,,,0.8543
484,0.00113717,,,0.8552
485,0.001160414,,,0.8727
486,0.001215539,,,0.9141
487,0.001219365,,,0.917
488,0.001175279,,,0.8839
489,0.001215192,,,0.9139
490,0.001219978,,,0.9175
491,0.001217729,,,0.9158
492,0.001244782,,,0.9361
493,0.001274641,,,0.9586
494,0.001293549,,,0.9728
495,0.001283111,,,0.965
496,0.001291467,,,0.9712
497,0.001327271,,,0.9982
498,0.00136037,,,1.0231
499,0.001368571,,,1.0292
500,0.001376669,,,1.0353
501,0.001317515,,,0.9908
502,0.001276609,,,0.9601
503,0.001271631,,,0.9553
504,0.00127959,,,0.9599
505,0.001353463,,,1.014
506,0.001370229,,,1.0251
507,0.001341025,,,1.0019
508,0.001339871,,,0.9997
509,0.001329577,,,0.9906
510,0.001331554,,,0.9908
511,0.001307816,,,0.9718
512,0.001300994,,,0.9654
513,0.001361399,,,1.0088
514,0.001350282,,,0.9992
515,0.001313117,,,0.9703
516,0.001307067,,,0.9645
517,0.001288696,,,0.9497
518,0.001304232,,,0.9598
519,0.001306692,,,0.9603
520,0.001232877,,,0.9048
521,0.00125084,,,0.9167
522,0.001293321,,,0.9465
523,0.00130004,,,0.9501
524,0.001274947,,,0.9304
525,0.001257165,,,0.9162
526,0.001278838,,,0.931
527,0.00130439,,,0.9487
528,0.001249423,,,0.9079
529,0.001242675,,,0.9021
530,0.00126397,,,0.9167
531,0.001244372,,,0.9017
532,0.001256687,,,0.9097
533,0.001225298,,,0.8862
534,0.001224861,,,0.885
535,0.001188648,,,0.858
536,0.001173093,,,0.846
537,0.001208117,,,0.8704
538,0.00120343,,,0.8662
539,0.001192734,,,0.8577
540,0.001254213,,,0.9011
541,0.001234531,,,0.8861
542,0.00125738,,,0.9014
543,0.001279645,,,0.9151
544,0.001202388,,,0.8577
545,0.001197766,,,0.8523
546,0.001213711,,,0.8615
547,0.001206987,,,0.8546
548,0.001196644,,,0.8451
549,0.00117049,,,0.8246
550,0.001112876,,,0.782
551,0.001413489,,,0.9907
552,0.00124524,,,0.8706
553,0.001242807,,,0.8667
554,0.001266438,,,0.8809
555,0.001140979,,,0.7916
556,0.001168103,,,0.8084
557,0.001223694,,,0.8447
558,0.001159297,,,0.7985
559,0.001174063,,,0.8073
560,0.001033781,,,0.7097
561,0.001081096,,,0.7409
562,0.00118913,,,0.8136
563,0.00115492,,,0.7889
564,0.001175739,,,0.8017
565,0.001215618,,,0.8275
566,0.001179513,,,0.8016
567,0.001164031,,,0.7898
568,0.001135403,,,0.769
569,0.001158924,,,0.7837
570,0.001117045,,,0.7541
571,0.001115831,,,0.752
572,0.001149532,,,0.7734
573,0.001184778,,,0.7957
574,0.001145872,,,0.7683
575,0.00102741,,,0.6877
576,0.001140499,,,0.7621
577,0.001117487,,,0.7442
578,0.001065683,,,0.7068
579,0.001122182,,,0.7412
580,0.001090517,,,0.7172
581,0.001142552,,,0.7483
582,0.001107347,,,0.7222
583,0.001098677,,,0.7135
584,0.001056013,,,0.6829
585,0.00102308,,,0.6588
586,0.001062562,,,0.6812
587,0.001105326,,,0.7056
588,0.001055286,,,0.6708
589,0.001096179,,,0.6937
590,0.001073025,,,0.6761
591,0.001050484,,,0.659
592,0.001038816,,,0.6488
593,0.001017609,,,0.6328
594,0.001121932,,,0.6945
595,0.001118731,,,0.6895
596,0.00103578,,,0.6355
597,0.001082287,,,0.661
598,0.001017054,,,0.6184
599,0.00102192,,,0.6186
600,0.001092507,,,0.6584
601,0.001120548,,,0.6723
602,0.001075745,,,0.6426
603,0.001090603,,,0.6486
604,0.00101182,,,0.599
605,0.001100626,,,0.6487
606,0.001070691,,,0.6282
607,0.0010211,,,0.5964
608,0.001047789,,,0.6092
609,0.001031044,,,0.5967
610,0.001061369,,,0.6115
611,0.001108563,,,0.6357
612,0.000971916,,,0.5548
613,0.001069358,,,0.6076
614,0.001081978,,,0.6119
615,0.001251417,,,0.7044
616,0.001083492,,,0.607
617,0.001010097,,,0.5632
618,0.001003089,,,0.5566
619,0.001039218,,,0.5739
620,0.000937575,,,0.5153
621,0.000950336,,,0.5198
622,0.000986503,,,0.5369
623,0.000940172,,,0.5082
624,0.000972205,,,0.5215
625,0.001031923,,,0.5493
626,0.001012179,,,0.5346
627,0.000999203,,,0.5236
628,0.000969622,,,0.5041
629,0.000935316,,,0.4824
630,0.000971274,,,0.4969
631,0.000960886,,,0.4877
632,0.000961669,,,0.4841
633,0.00097933,,,0.4889
634,0.001003456,,,0.4968
635,0.000948752,,,0.4658
636,0.000937807,,,0.4566
637,0.000985853,,,0.4759
638,0.001020917,,,0.4886
639,0.000958059,,,0.4556
640,0.00095397,,,0.4508
641,0.000990963,,,0.4652
642,0.000956879,,,0.4463
643,0.000996642,,,0.4618
644,0.000965181,,,0.4443
645,0.00094226,,,0.4309
646,0.000932625,,,0.4236
647,0.000880412,,,0.3972
648,0.000876609,,,0.3929
649,0.000943171,,,0.4198
650,0.000902229,,,0.3988
651,0.000878623,,,0.3857
652,0.000797395,,,0.3476
653,0.000915706,,,0.3964
654,0.000962779,,,0.4139
655,0.000910979,,,0.3888
656,0.000901437,,,0.382
657,0.000905804,,,0.3811
658,0.000932702,,,0.3896
659,0.000927193,,,0.3844
660,0.00088238,,,0.3628
661,0.000865003,,,0.3528
662,0.000938209,,,0.3794
663,0.000937235,,,0.3759
664,0.000854623,,,0.3398
665,0.000864547,,,0.3409
666,0.000870428,,,0.3402
667,0.000834388,,,0.3233
668,0.000853154,,,0.3277
669,0.000788448,,,0.3002
670,0.000837473,,,0.316
671,0.000836518,,,0.3128
672,0.000795835,,,0.2949
673,0.000860242,,,0.3159
674,0.000860008,,,0.3129
675,0.000871566,,,0.3142
676,0.000852759,,,0.3045
677,0.000845196,,,0.299
678,0.000842778,,,0.2953
679,0.000847611,,,0.2942
680,0.00084223,,,0.2895
681,0.000810229,,,0.2758
682,0.000823275,,,0.2774
683,0.000855398,,,0.2854
684,0.000833763,,,0.2754
685,0.000775776,,,0.2536
686,0.000784044,,,0.2537
687,0.000807998,,,0.2587
688,0.000788416,,,0.2498
689,0.000792748,,,0.2485
690,0.000779787,,,0.2418
691,0.000780912,,,0.2394
692,0.000787117,,,0.2385
693,0.000770289,,,0.2306
694,0.000769955,,,0.2278
695,0.000789826,,,0.2308
696,0.000745759,,,0.2152
697,0.000753878,,,0.2149
698,0.000752451,,,0.2118
699,0.000719364,,,0.1999
700,0.000695785,,,0.1908
701,0.000736111,,,0.1993
702,0.00069415,,,0.1855
703,0.000682364,,,0.1801
704,0.000709652,,,0.185
705,0.000705832,,,0.1817
706,0.000725099,,,0.1842
707,0.000687748,,,0.1725
708,0.000644428,,,0.1595
709,0.000711416,,,0.1737
710,0.00070289,,,0.1693
711,0.000693942,,,0.1649
712,0.000676376,,,0.1585
713,0.000671483,,,0.1551
714,0.000689764,,,0.1571
715,0.000655208,,,0.1471
716,0.000650865,,,0.1441
717,0.000673573,,,0.1469
718,0.000767384,,,0.165
719,0.000767997,,,0.1626
720,0.000611787,,,0.1276
721,0.000642717,,,0.132
722,0.000614869,,,0.1243
723,0.000682614,,,0.1358
724,0.000797019,,,0.1561
725,0.000641206,,,0.1237
726,0.000614302,,,0.117
727,0.000646073,,,0.1215
728,0.000647404,,,0.1201
729,0.000638213,,,0.1168
730,0.000656856,,,0.1186
731,0.000634498,,,0.113
732,0.000705644,,,0.1239
733,0.000698114,,,0.1209
734,0.000603019,,,0.1029
735,0.000602682,,,0.1014
736,0.000563566,,,0.093
737,0.000582612,,,0.0942
738,0.000637642,,,0.1011
739,0.000648191,,,0.1006
740,0.000614266,,,0.0934
741,0.00061135,,,0.091
742,0.000605222,,,0.0881
743,0.000578276,,,0.0823
744,0.000484202,,,0.0673
745,0.000491665,,,0.0666
746,0.000583029,,,0.077
747,0.000567857,,,0.0731
748,0.000573259,,,0.0718
749,0.00056906,,,0.0695
750,0.00053035,,,0.0633
751,0.00052591,,,0.0614
752,0.000528524,,,0.0602
753,0.000522294,,,0.058
754,0.000542923,,,0.0588
755,0.000522086,,,0.0551
756,0.000506637,,,0.0521
757,0.000521902,,,0.0523
758,0.000512364,,,0.0499
759,0.000499758,,,0.0474
760,0.000476175,,,0.0439
761,0.000476805,,,0.0427
762,0.000490898,,,0.0426
763,0.000492756,,,0.0415
764,0.000466294,,,0.038
765,0.000421253,,,0.0335
766,0.000428992,,,0.0334
767,0.000480175,,,0.0365
768,0.000468268,,,0.0347
769,0.000443874,,,0.0321
770,0.000448102,,,0.0316
771,0.000425715,,,0.0292
772,0.000435964,,,0.0291
773,0.000440097,,,0.0286
774,0.000417833,,,0.0264
775,0.000429887,,,0.0264
776,0.000399757,,,0.0238
777,0.000387311,,,0.0223
778,0.000421749,,,0.0236
779,0.00040667,,,0.022
780,0.000398121,,,0.0208
781,0.000414069,,,0.0209
782,0.000417219,,,0.0203
783,0.000384809,,,0.0183
784,0.000388495,,,0.018
785,0.000355868,,,0.016
786,0.000388254,,,0.017
787,0.000384291,,,0.0164
788,0.000309884,,,0.0129
789,0.000321463,,,0.013
790,0.000328701,,,0.0129
791,0.000353702,,,0.0134
792,0.000379659,,,0.0139
793,0.000338289,,,0.0119
794,0.00036238,,,0.0121
795,0.000379611,,,0.0121
796,0.000340423,,,0.0103
797,0.000320964,,,0.0092
798,0.000324879,,,0.0089
799,0.000326821,,,0.0088
800,0.000311327,,,0.0081
